{"stats":{"minecraft:custom":{"minecraft:time_since_rest":19057,"minecraft:sprint_one_cm":685,"minecraft:damage_taken":330,"minecraft:walk_one_cm":53758,"minecraft:mob_kills":1,"minecraft:damage_dealt":53,"minecraft:interact_with_crafting_table":4,"minecraft:fly_one_cm":242,"minecraft:crouch_one_cm":674,"minecraft:play_time":21932,"minecraft:deaths":1,"minecraft:sneak_time":1313,"minecraft:jump":159,"minecraft:leave_game":2,"minecraft:time_since_death":19018,"minecraft:climb_one_cm":1117,"minecraft:total_world_time":21932,"minecraft:fall_one_cm":4383},"minecraft:killed_by":{"minecraft:zombie":1},"minecraft:crafted":{"minecraft:wooden_sword":1,"minecraft:wooden_shovel":1,"minecraft:crafting_table":1,"minecraft:spruce_planks":56,"minecraft:stick":12,"minecraft:wooden_pickaxe":1,"minecraft:stone_pickaxe":1,"minecraft:wooden_axe":1},"minecraft:mined":{"minecraft:large_fern":1,"minecraft:mossy_cobblestone":1,"minecraft:iron_ore":9,"minecraft:spruce_log":20,"minecraft:dandelion":2,"minecraft:crafting_table":3,"minecraft:torch":2,"minecraft:poppy":2,"minecraft:deepslate_iron_ore":11,"minecraft:copper_ore":1,"minecraft:cobblestone":3,"minecraft:spruce_leaves":7,"minecraft:lapis_ore":12,"minecraft:stone":39,"minecraft:rooted_dirt":46,"minecraft:deepslate":3,"minecraft:wall_torch":14},"minecraft:used":{"minecraft:wooden_axe":3,"minecraft:stone_pickaxe":73,"minecraft:wooden_pickaxe":13,"minecraft:wooden_shovel":43,"minecraft:torch":18,"minecraft:cobblestone":9,"minecraft:crafting_table":3},"minecraft:picked_up":{"minecraft:crafting_table":3,"minecraft:raw_iron":20,"minecraft:torch":16,"minecraft:dandelion":2,"minecraft:spruce_log":20,"minecraft:mossy_cobblestone":1,"minecraft:lapis_lazuli":79,"minecraft:raw_copper":2,"minecraft:cobbled_deepslate":3,"minecraft:poppy":2,"minecraft:rooted_dirt":46,"minecraft:cobblestone":42}},"DataVersion":3465}