{"stats":{"minecraft:custom":{"minecraft:interact_with_furnace":2,"minecraft:mob_kills":15,"minecraft:interact_with_crafting_table":6,"minecraft:leave_game":1,"minecraft:time_since_death":38301,"minecraft:time_since_rest":38327,"minecraft:sprint_one_cm":70886,"minecraft:damage_taken":445,"minecraft:walk_one_cm":55256,"minecraft:drop":2,"minecraft:damage_dealt":1320,"minecraft:swim_one_cm":15408,"minecraft:fly_one_cm":109283,"minecraft:open_chest":2,"minecraft:crouch_one_cm":423,"minecraft:play_time":43981,"minecraft:deaths":1,"minecraft:sneak_time":187,"minecraft:walk_under_water_one_cm":947,"minecraft:jump":621,"minecraft:walk_on_water_one_cm":3775,"minecraft:total_world_time":43981,"minecraft:fall_one_cm":21505},"minecraft:killed":{"minecraft:pig":6,"minecraft:sheep":3,"minecraft:chicken":2,"minecraft:cow":4},"minecraft:crafted":{"minecraft:cooked_porkchop":4,"minecraft:crafting_table":1,"minecraft:spruce_planks":24,"minecraft:wooden_pickaxe":1,"minecraft:cooked_chicken":2,"minecraft:furnace":1,"minecraft:stone_axe":1,"minecraft:air":0,"minecraft:stick":8,"minecraft:stone_pickaxe":1},"minecraft:mined":{"minecraft:podzol":1,"botania:pink_double_flower":5,"minecraft:crafting_table":2,"minecraft:grass_block":5,"minecraft:spruce_leaves":2,"minecraft:sugar_cane":5,"botania:black_mystical_flower":7,"minecraft:large_fern":4,"botania:pink_mystical_flower":6,"minecraft:coarse_dirt":1,"minecraft:magma_block":3,"minecraft:furnace":1,"minecraft:fire":6,"minecraft:spruce_log":7,"minecraft:grass":8,"minecraft:coal_ore":10,"minecraft:oak_log":1,"minecraft:dirt":11,"botania:brown_mystical_flower":6,"minecraft:stone":19,"minecraft:netherrack":6,"minecraft:oak_leaves":7,"minecraft:fern":15},"minecraft:dropped":{"minecraft:wheat_seeds":2},"minecraft:used":{"minecraft:stone_pickaxe":43,"minecraft:wooden_pickaxe":6,"minecraft:netherrack":6,"minecraft:dirt":17,"minecraft:crafting_table":2,"minecraft:oak_log":1,"botania:pink_double_flower":3,"botania:pink_mystical_flower":2,"minecraft:stone_axe":31,"minecraft:cobblestone":4,"minecraft:furnace":1,"minecraft:cooked_porkchop":4,"minecraft:coarse_dirt":1},"minecraft:picked_up":{"minecraft:magma_block":3,"minecraft:coarse_dirt":1,"minecraft:crafting_table":2,"minecraft:feather":1,"minecraft:chicken":2,"minecraft:leather":2,"minecraft:oak_log":1,"minecraft:dirt":17,"botania:black_mystical_flower":7,"botania:pink_mystical_flower":6,"minecraft:wheat_seeds":4,"minecraft:beef":7,"minecraft:sugar_cane":10,"minecraft:furnace":1,"botania:pink_double_flower":5,"minecraft:porkchop":14,"minecraft:spruce_log":6,"minecraft:oak_sapling":1,"minecraft:coal":10,"minecraft:netherrack":6,"minecraft:mutton":4,"botania:brown_mystical_flower":6,"minecraft:white_wool":3,"minecraft:cobblestone":18}},"DataVersion":3465}