{"stats":{"minecraft:killed":{"minecraft:wolf":1,"minecraft:sheep":10,"minecraft:chicken":4,"minecraft:cow":3},"minecraft:dropped":{"minecraft:stone_axe":1,"minecraft:wheat_seeds":2,"minecraft:golden_chestplate":1,"minecraft:white_wool":1},"minecraft:custom":{"minecraft:interact_with_furnace":10,"minecraft:mob_kills":18,"minecraft:interact_with_crafting_table":6,"minecraft:leave_game":2,"minecraft:time_since_death":291,"minecraft:time_since_rest":320,"minecraft:sprint_one_cm":65486,"minecraft:damage_taken":1910,"minecraft:walk_one_cm":61797,"minecraft:drop":5,"minecraft:damage_dealt":1765,"minecraft:swim_one_cm":33847,"minecraft:fly_one_cm":139405,"minecraft:open_chest":1,"minecraft:crouch_one_cm":2659,"minecraft:play_time":37095,"minecraft:deaths":4,"minecraft:sneak_time":1591,"minecraft:walk_under_water_one_cm":15369,"minecraft:jump":815,"minecraft:walk_on_water_one_cm":8903,"minecraft:total_world_time":37095,"minecraft:fall_one_cm":28466},"minecraft:used":{"minecraft:birch_planks":30,"minecraft:stone_pickaxe":54,"minecraft:wooden_pickaxe":6,"minecraft:cooked_chicken":4,"minecraft:torch":9,"minecraft:dirt":13,"minecraft:sand":16,"minecraft:crafting_table":5,"biomesoplenty:redwood_log":1,"minecraft:bread":5,"minecraft:iron_axe":14,"minecraft:iron_pickaxe":1,"minecraft:stone_axe":24,"minecraft:cobblestone":9,"minecraft:furnace":2,"minecraft:andesite":1,"minecraft:egg":3,"minecraft:cooked_beef":5},"minecraft:crafted":{"minecraft:cooked_beef":7,"minecraft:crafting_table":1,"minecraft:cooked_chicken":4,"minecraft:wooden_pickaxe":1,"minecraft:furnace":1,"minecraft:birch_planks":68,"minecraft:stone_axe":1,"minecraft:air":0,"minecraft:stick":8,"minecraft:iron_ingot":3,"minecraft:stone_pickaxe":1,"minecraft:torch":8,"botania:light_gray_petal":2},"minecraft:picked_up":{"biomesoplenty:redwood_log":1,"minecraft:birch_log":17,"minecraft:crafting_table":5,"minecraft:feather":3,"minecraft:chicken":4,"minecraft:andesite":1,"minecraft:leather":4,"minecraft:dirt":13,"minecraft:string":1,"botania:white_double_flower":1,"minecraft:wheat_seeds":2,"minecraft:beef":7,"minecraft:sugar_cane":6,"minecraft:egg":3,"minecraft:furnace":2,"minecraft:torch":2,"minecraft:sand":3,"botania:white_mystical_flower":2,"minecraft:rotten_flesh":4,"botania:light_gray_mystical_flower":1,"minecraft:stone_axe":1,"minecraft:gray_wool":1,"minecraft:mutton":14,"minecraft:coal":37,"minecraft:white_wool":9,"minecraft:cobblestone":28},"minecraft:killed_by":{"iceandfire:siren":1,"minecraft:zombie":2},"minecraft:mined":{"minecraft:crafting_table":5,"minecraft:torch":2,"minecraft:grass_block":6,"minecraft:cobblestone":3,"minecraft:sugar_cane":3,"botania:white_double_flower":1,"botania:light_gray_mystical_flower":1,"minecraft:large_fern":2,"minecraft:furnace":2,"minecraft:birch_log":18,"biomesoplenty:yellow_autumn_leaves":3,"minecraft:andesite":1,"minecraft:grass":8,"botania:white_mystical_flower":2,"minecraft:coal_ore":28,"biomesoplenty:redwood_log":1,"minecraft:sand":3,"minecraft:dirt":7,"minecraft:stone":25}},"DataVersion":3465}