{"stats":{"minecraft:dropped":{"minecraft:wheat_seeds":2},"minecraft:killed":{"minecraft:pig":10,"minecraft:sheep":9,"minecraft:chicken":2,"minecraft:cow":4},"minecraft:mined":{"minecraft:podzol":1,"botania:pink_double_flower":5,"minecraft:crafting_table":2,"minecraft:grass_block":5,"minecraft:poppy":1,"minecraft:spruce_leaves":6,"minecraft:sugar_cane":15,"botania:blue_double_flower":2,"botania:black_mystical_flower":7,"minecraft:large_fern":5,"botania:pink_mystical_flower":6,"minecraft:magma_block":3,"minecraft:coarse_dirt":1,"minecraft:furnace":1,"minecraft:fire":6,"minecraft:sweet_berry_bush":25,"minecraft:spruce_log":7,"minecraft:grass":9,"minecraft:oak_log":1,"minecraft:coal_ore":13,"minecraft:dirt":11,"botania:brown_mystical_flower":7,"minecraft:stone":20,"minecraft:netherrack":6,"minecraft:oak_leaves":7,"minecraft:fern":18},"minecraft:picked_up":{"minecraft:coarse_dirt":1,"minecraft:magma_block":3,"minecraft:crafting_table":2,"minecraft:feather":1,"minecraft:chicken":2,"minecraft:leather":2,"minecraft:oak_log":1,"minecraft:dirt":17,"botania:black_mystical_flower":7,"botania:pink_mystical_flower":6,"minecraft:wheat_seeds":4,"minecraft:beef":7,"minecraft:poppy":1,"minecraft:sugar_cane":26,"minecraft:furnace":1,"minecraft:sweet_berries":66,"botania:pink_double_flower":5,"minecraft:porkchop":22,"minecraft:spruce_sapling":1,"minecraft:spruce_log":6,"minecraft:coal":13,"minecraft:oak_sapling":1,"botania:blue_double_flower":2,"minecraft:netherrack":6,"minecraft:mutton":12,"botania:brown_mystical_flower":7,"minecraft:white_wool":9,"minecraft:cobblestone":19},"minecraft:crafted":{"minecraft:cooked_porkchop":4,"minecraft:crafting_table":1,"minecraft:spruce_planks":24,"minecraft:wooden_pickaxe":1,"minecraft:cooked_chicken":2,"minecraft:furnace":1,"minecraft:stone_axe":1,"minecraft:air":0,"minecraft:stick":8,"minecraft:stone_pickaxe":1,"minecraft:torch":8},"minecraft:custom":{"minecraft:interact_with_furnace":2,"minecraft:mob_kills":25,"minecraft:interact_with_crafting_table":6,"minecraft:leave_game":2,"minecraft:time_since_death":48801,"minecraft:sleep_in_bed":1,"minecraft:time_since_rest":5359,"minecraft:sprint_one_cm":113845,"minecraft:damage_taken":621,"minecraft:walk_one_cm":73848,"minecraft:drop":2,"minecraft:damage_dealt":2200,"minecraft:swim_one_cm":19535,"minecraft:talked_to_villager":4,"minecraft:fly_one_cm":171450,"minecraft:open_chest":5,"minecraft:crouch_one_cm":628,"minecraft:play_time":54481,"minecraft:deaths":1,"minecraft:sneak_time":264,"minecraft:walk_under_water_one_cm":1226,"minecraft:jump":976,"minecraft:walk_on_water_one_cm":5797,"minecraft:total_world_time":54481,"minecraft:fall_one_cm":31177},"minecraft:used":{"minecraft:stone_pickaxe":81,"minecraft:wooden_pickaxe":6,"botania:brown_mystical_flower":1,"minecraft:cooked_chicken":2,"minecraft:netherrack":6,"minecraft:torch":1,"minecraft:dirt":17,"minecraft:crafting_table":2,"botania:blue_double_flower":1,"minecraft:oak_log":1,"minecraft:bread":2,"botania:pink_double_flower":3,"botania:pink_mystical_flower":2,"minecraft:stone_axe":46,"minecraft:cobblestone":4,"minecraft:furnace":1,"minecraft:cooked_porkchop":4,"minecraft:coarse_dirt":1}},"DataVersion":3465}