{"stats":{"minecraft:crafted":{"minecraft:crafting_table":1,"minecraft:stick":8,"minecraft:cooked_chicken":4,"minecraft:iron_ingot":3,"minecraft:wooden_pickaxe":1,"minecraft:stone_pickaxe":1,"minecraft:furnace":1,"minecraft:torch":8,"minecraft:birch_planks":20,"minecraft:stone_axe":1,"minecraft:cooked_beef":7,"minecraft:air":0},"minecraft:picked_up":{"minecraft:birch_log":5,"biomesoplenty:redwood_log":1,"minecraft:crafting_table":5,"minecraft:feather":3,"minecraft:chicken":4,"minecraft:andesite":1,"minecraft:leather":4,"minecraft:torch":2,"minecraft:dirt":12,"minecraft:wheat_seeds":2,"minecraft:beef":7,"minecraft:sugar_cane":3,"minecraft:furnace":1,"minecraft:coal":37,"minecraft:egg":3,"minecraft:cobblestone":27},"minecraft:mined":{"minecraft:furnace":1,"minecraft:birch_log":5,"biomesoplenty:yellow_autumn_leaves":2,"minecraft:andesite":1,"minecraft:torch":2,"minecraft:crafting_table":5,"minecraft:grass":7,"minecraft:grass_block":5,"minecraft:coal_ore":28,"biomesoplenty:redwood_log":1,"minecraft:dirt":7,"minecraft:cobblestone":3,"minecraft:stone":24,"minecraft:sugar_cane":2,"minecraft:large_fern":2},"minecraft:killed":{"minecraft:wolf":1,"minecraft:chicken":4,"minecraft:cow":3},"minecraft:dropped":{"minecraft:wheat_seeds":2,"minecraft:golden_chestplate":1},"minecraft:custom":{"minecraft:time_since_rest":17126,"minecraft:interact_with_furnace":10,"minecraft:sprint_one_cm":33739,"minecraft:damage_taken":300,"minecraft:walk_one_cm":40752,"minecraft:mob_kills":8,"minecraft:drop":3,"minecraft:damage_dealt":630,"minecraft:swim_one_cm":8451,"minecraft:interact_with_crafting_table":6,"minecraft:fly_one_cm":62665,"minecraft:open_chest":1,"minecraft:crouch_one_cm":2229,"minecraft:play_time":17126,"minecraft:sneak_time":801,"minecraft:walk_under_water_one_cm":655,"minecraft:jump":364,"minecraft:leave_game":1,"minecraft:time_since_death":17126,"minecraft:walk_on_water_one_cm":3757,"minecraft:total_world_time":17126,"minecraft:fall_one_cm":10819},"minecraft:used":{"minecraft:stone_pickaxe":53,"minecraft:wooden_pickaxe":6,"minecraft:cooked_chicken":4,"minecraft:stone_axe":14,"minecraft:torch":9,"minecraft:dirt":10,"minecraft:cobblestone":9,"minecraft:crafting_table":5,"minecraft:furnace":2,"minecraft:andesite":1,"minecraft:egg":3,"minecraft:cooked_beef":1,"biomesoplenty:redwood_log":1}},"DataVersion":3465}