{"stats":{"minecraft:killed_by":{"minecraft:skeleton":1},"minecraft:dropped":{"minecraft:wheat_seeds":6,"minecraft:cobblestone":2,"minecraft:mutton":1},"minecraft:killed":{"minecraft:pig":15,"minecraft:skeleton":1,"minecraft:sheep":26,"minecraft:zombie":3,"minecraft:chicken":2,"minecraft:cow":4},"minecraft:mined":{"minecraft:podzol":1,"minecraft:white_bed":1,"botania:pink_double_flower":5,"minecraft:crafting_table":2,"minecraft:grass_block":8,"minecraft:poppy":1,"minecraft:chest":1,"minecraft:spruce_leaves":6,"minecraft:sugar_cane":15,"botania:blue_double_flower":2,"botania:black_mystical_flower":10,"minecraft:large_fern":5,"botania:pink_mystical_flower":6,"minecraft:magma_block":3,"minecraft:coarse_dirt":1,"minecraft:furnace":1,"minecraft:iron_ore":4,"minecraft:fire":6,"minecraft:sweet_berry_bush":25,"minecraft:spruce_log":7,"minecraft:grass":27,"minecraft:oak_log":42,"minecraft:coal_ore":41,"minecraft:dirt":12,"botania:brown_mystical_flower":7,"minecraft:stone":44,"minecraft:netherrack":6,"minecraft:oak_leaves":31,"minecraft:fern":19},"minecraft:picked_up":{"minecraft:coarse_dirt":1,"minecraft:magma_block":3,"minecraft:crafting_table":2,"minecraft:feather":1,"minecraft:chicken":2,"minecraft:brown_wool":1,"minecraft:leather":2,"minecraft:oak_log":42,"minecraft:dirt":31,"botania:black_mystical_flower":10,"minecraft:bone":1,"botania:pink_mystical_flower":6,"minecraft:wheat_seeds":10,"minecraft:beef":7,"minecraft:poppy":1,"minecraft:light_gray_wool":1,"minecraft:sugar_cane":26,"minecraft:chest":1,"minecraft:furnace":1,"minecraft:stick":2,"minecraft:raw_iron":4,"minecraft:sweet_berries":66,"botania:pink_double_flower":5,"minecraft:porkchop":31,"minecraft:spruce_sapling":2,"minecraft:white_bed":1,"minecraft:spruce_log":6,"minecraft:arrow":2,"minecraft:rotten_flesh":1,"minecraft:gray_wool":3,"minecraft:black_wool":1,"minecraft:coal":41,"minecraft:oak_sapling":2,"botania:blue_double_flower":2,"minecraft:netherrack":6,"minecraft:mutton":41,"botania:brown_mystical_flower":7,"minecraft:white_wool":20,"minecraft:cobblestone":42},"minecraft:crafted":{"minecraft:oak_planks":24,"minecraft:cooked_porkchop":21,"minecraft:crafting_table":1,"minecraft:spruce_planks":24,"minecraft:wooden_pickaxe":1,"minecraft:cooked_chicken":2,"minecraft:furnace":1,"minecraft:stone_axe":2,"minecraft:cooked_mutton":39,"minecraft:air":0,"minecraft:stick":12,"minecraft:stone_pickaxe":2,"minecraft:chest":3,"minecraft:white_bed":2,"minecraft:torch":8},"minecraft:custom":{"minecraft:interact_with_furnace":24,"minecraft:mob_kills":51,"minecraft:interact_with_crafting_table":10,"minecraft:leave_game":3,"minecraft:time_since_death":30084,"minecraft:sleep_in_bed":4,"minecraft:time_since_rest":2081,"minecraft:sprint_one_cm":239320,"minecraft:damage_taken":1840,"minecraft:walk_one_cm":118422,"minecraft:drop":7,"minecraft:damage_dealt":4726,"minecraft:swim_one_cm":49815,"minecraft:talked_to_villager":4,"minecraft:fly_one_cm":448791,"minecraft:open_chest":21,"minecraft:crouch_one_cm":2513,"minecraft:play_time":94769,"minecraft:deaths":3,"minecraft:sneak_time":1110,"minecraft:walk_under_water_one_cm":2727,"minecraft:jump":2485,"minecraft:walk_on_water_one_cm":8790,"minecraft:total_world_time":94769,"minecraft:fall_one_cm":88228},"minecraft:used":{"minecraft:cooked_mutton":2,"minecraft:stone_pickaxe":138,"minecraft:chest":3,"minecraft:wooden_pickaxe":6,"botania:brown_mystical_flower":1,"minecraft:cooked_chicken":2,"minecraft:netherrack":6,"minecraft:torch":8,"minecraft:dirt":31,"minecraft:crafting_table":3,"botania:blue_double_flower":1,"minecraft:white_bed":3,"minecraft:oak_log":1,"minecraft:bread":15,"botania:pink_double_flower":3,"botania:pink_mystical_flower":2,"minecraft:stone_axe":129,"minecraft:cobblestone":20,"minecraft:furnace":2,"minecraft:cooked_porkchop":6,"minecraft:potato":4,"minecraft:coarse_dirt":1}},"DataVersion":3465}