{"stats":{"minecraft:killed":{"minecraft:sheep":10,"minecraft:wolf":1,"minecraft:chicken":4,"minecraft:cow":3},"minecraft:custom":{"minecraft:interact_with_furnace":10,"minecraft:sprint_one_cm":46547,"minecraft:damage_taken":470,"minecraft:walk_one_cm":46554,"minecraft:mob_kills":18,"minecraft:drop":5,"minecraft:damage_dealt":1430,"minecraft:swim_one_cm":17104,"minecraft:interact_with_crafting_table":6,"minecraft:fly_one_cm":94173,"minecraft:open_chest":1,"minecraft:crouch_one_cm":2229,"minecraft:play_time":21109,"minecraft:sneak_time":802,"minecraft:walk_under_water_one_cm":962,"minecraft:jump":504,"minecraft:leave_game":1,"minecraft:time_since_death":21109,"minecraft:walk_on_water_one_cm":4541,"minecraft:total_world_time":21109,"minecraft:fall_one_cm":16239,"minecraft:time_since_rest":21109},"minecraft:dropped":{"minecraft:stone_axe":1,"minecraft:wheat_seeds":2,"minecraft:golden_chestplate":1,"minecraft:white_wool":1},"minecraft:used":{"minecraft:stone_pickaxe":54,"minecraft:wooden_pickaxe":6,"minecraft:cooked_chicken":4,"minecraft:stone_axe":24,"minecraft:torch":9,"minecraft:dirt":13,"minecraft:cobblestone":9,"minecraft:crafting_table":5,"minecraft:furnace":2,"minecraft:andesite":1,"minecraft:egg":3,"minecraft:cooked_beef":3,"biomesoplenty:redwood_log":1},"minecraft:crafted":{"minecraft:cooked_beef":7,"minecraft:crafting_table":1,"minecraft:stick":8,"minecraft:wooden_pickaxe":1,"minecraft:iron_ingot":3,"minecraft:cooked_chicken":4,"minecraft:stone_pickaxe":1,"minecraft:furnace":1,"minecraft:birch_planks":20,"minecraft:torch":8,"minecraft:stone_axe":1,"minecraft:air":0},"minecraft:picked_up":{"minecraft:birch_log":5,"biomesoplenty:redwood_log":1,"minecraft:crafting_table":5,"minecraft:feather":3,"minecraft:chicken":4,"minecraft:andesite":1,"minecraft:leather":4,"minecraft:torch":2,"minecraft:string":1,"minecraft:dirt":13,"minecraft:stone_axe":1,"minecraft:wheat_seeds":2,"minecraft:beef":7,"minecraft:gray_wool":1,"minecraft:mutton":14,"minecraft:white_wool":9,"minecraft:sugar_cane":6,"minecraft:coal":37,"minecraft:furnace":2,"minecraft:cobblestone":27,"minecraft:egg":3},"minecraft:mined":{"minecraft:furnace":2,"biomesoplenty:yellow_autumn_leaves":2,"minecraft:birch_log":5,"minecraft:andesite":1,"minecraft:crafting_table":5,"minecraft:torch":2,"minecraft:grass":7,"minecraft:grass_block":6,"minecraft:coal_ore":28,"biomesoplenty:redwood_log":1,"minecraft:dirt":7,"minecraft:cobblestone":3,"minecraft:stone":24,"minecraft:sugar_cane":3,"minecraft:large_fern":2}},"DataVersion":3465}