{"stats":{"minecraft:custom":{"minecraft:time_since_rest":32653,"minecraft:interact_with_furnace":2,"minecraft:sprint_one_cm":44642,"minecraft:damage_taken":365,"minecraft:walk_one_cm":41541,"minecraft:mob_kills":4,"minecraft:drop":2,"minecraft:damage_dealt":280,"minecraft:swim_one_cm":14133,"minecraft:interact_with_crafting_table":6,"minecraft:fly_one_cm":62384,"minecraft:open_chest":1,"minecraft:crouch_one_cm":126,"minecraft:play_time":38307,"minecraft:deaths":1,"minecraft:sneak_time":120,"minecraft:walk_under_water_one_cm":605,"minecraft:jump":390,"minecraft:leave_game":1,"minecraft:time_since_death":32627,"minecraft:walk_on_water_one_cm":1867,"minecraft:total_world_time":38307,"minecraft:fall_one_cm":13424},"minecraft:killed":{"minecraft:pig":2,"minecraft:chicken":2},"minecraft:crafted":{"minecraft:cooked_porkchop":4,"minecraft:crafting_table":1,"minecraft:spruce_planks":24,"minecraft:stick":8,"minecraft:cooked_chicken":2,"minecraft:wooden_pickaxe":1,"minecraft:stone_pickaxe":1,"minecraft:furnace":1,"minecraft:stone_axe":1,"minecraft:air":0},"minecraft:mined":{"minecraft:podzol":1,"minecraft:large_fern":4,"botania:pink_mystical_flower":6,"minecraft:coarse_dirt":1,"minecraft:furnace":1,"minecraft:fire":6,"minecraft:spruce_log":7,"botania:pink_double_flower":5,"minecraft:crafting_table":2,"minecraft:grass":4,"minecraft:coal_ore":10,"minecraft:grass_block":4,"minecraft:oak_log":1,"minecraft:dirt":10,"botania:brown_mystical_flower":6,"minecraft:spruce_leaves":2,"minecraft:stone":14,"minecraft:sugar_cane":5,"minecraft:oak_leaves":1,"botania:black_mystical_flower":3,"minecraft:fern":15},"minecraft:dropped":{"minecraft:wheat_seeds":2},"minecraft:used":{"minecraft:oak_log":1,"minecraft:stone_pickaxe":29,"botania:pink_double_flower":3,"minecraft:wooden_pickaxe":6,"botania:pink_mystical_flower":2,"minecraft:stone_axe":8,"minecraft:dirt":13,"minecraft:crafting_table":2,"minecraft:furnace":1,"minecraft:cooked_porkchop":2,"minecraft:coarse_dirt":1},"minecraft:picked_up":{"minecraft:crafting_table":2,"minecraft:coarse_dirt":1,"minecraft:feather":1,"minecraft:chicken":2,"botania:pink_double_flower":5,"minecraft:porkchop":4,"minecraft:oak_log":1,"minecraft:spruce_log":6,"minecraft:dirt":15,"botania:black_mystical_flower":3,"botania:pink_mystical_flower":6,"minecraft:wheat_seeds":4,"minecraft:oak_sapling":1,"minecraft:sugar_cane":10,"botania:brown_mystical_flower":6,"minecraft:coal":10,"minecraft:cobblestone":14,"minecraft:furnace":1}},"DataVersion":3465}