{"stats":{"minecraft:killed_by":{"minecraft:skeleton":1},"minecraft:dropped":{"minecraft:wheat_seeds":5,"minecraft:cobblestone":1},"minecraft:killed":{"minecraft:pig":15,"minecraft:sheep":18,"minecraft:zombie":1,"minecraft:chicken":2,"minecraft:cow":4},"minecraft:mined":{"minecraft:podzol":1,"minecraft:white_bed":1,"botania:pink_double_flower":5,"minecraft:crafting_table":2,"minecraft:grass_block":7,"minecraft:poppy":1,"minecraft:chest":1,"minecraft:spruce_leaves":6,"minecraft:sugar_cane":15,"botania:blue_double_flower":2,"botania:black_mystical_flower":10,"minecraft:large_fern":5,"botania:pink_mystical_flower":6,"minecraft:magma_block":3,"minecraft:coarse_dirt":1,"minecraft:furnace":1,"minecraft:iron_ore":1,"minecraft:fire":6,"minecraft:sweet_berry_bush":25,"minecraft:spruce_log":7,"minecraft:grass":23,"minecraft:oak_log":7,"minecraft:coal_ore":41,"minecraft:dirt":12,"botania:brown_mystical_flower":7,"minecraft:stone":31,"minecraft:netherrack":6,"minecraft:oak_leaves":21,"minecraft:fern":19},"minecraft:picked_up":{"minecraft:coarse_dirt":1,"minecraft:magma_block":3,"minecraft:crafting_table":2,"minecraft:feather":1,"minecraft:chicken":2,"minecraft:leather":2,"minecraft:oak_log":7,"minecraft:dirt":20,"botania:black_mystical_flower":10,"botania:pink_mystical_flower":6,"minecraft:wheat_seeds":5,"minecraft:beef":7,"minecraft:poppy":1,"minecraft:sugar_cane":26,"minecraft:chest":1,"minecraft:furnace":1,"minecraft:raw_iron":1,"minecraft:sweet_berries":66,"botania:pink_double_flower":5,"minecraft:porkchop":31,"minecraft:spruce_sapling":2,"minecraft:white_bed":1,"minecraft:spruce_log":6,"minecraft:black_wool":1,"minecraft:coal":41,"minecraft:oak_sapling":1,"botania:blue_double_flower":2,"minecraft:netherrack":6,"minecraft:mutton":28,"botania:brown_mystical_flower":7,"minecraft:white_wool":17,"minecraft:cobblestone":30},"minecraft:crafted":{"minecraft:oak_planks":24,"minecraft:cooked_porkchop":4,"minecraft:crafting_table":1,"minecraft:spruce_planks":24,"minecraft:wooden_pickaxe":1,"minecraft:cooked_chicken":2,"minecraft:furnace":1,"minecraft:stone_axe":1,"minecraft:cooked_mutton":16,"minecraft:air":0,"minecraft:stick":8,"minecraft:stone_pickaxe":1,"minecraft:chest":3,"minecraft:white_bed":2,"minecraft:torch":8},"minecraft:custom":{"minecraft:interact_with_furnace":9,"minecraft:mob_kills":40,"minecraft:interact_with_crafting_table":8,"minecraft:leave_game":2,"minecraft:time_since_death":13796,"minecraft:sleep_in_bed":3,"minecraft:time_since_rest":0,"minecraft:sprint_one_cm":205064,"minecraft:damage_taken":1639,"minecraft:walk_one_cm":100672,"minecraft:drop":4,"minecraft:damage_dealt":3510,"minecraft:swim_one_cm":49815,"minecraft:talked_to_villager":4,"minecraft:fly_one_cm":346825,"minecraft:open_chest":13,"minecraft:crouch_one_cm":2044,"minecraft:play_time":78481,"minecraft:deaths":3,"minecraft:sneak_time":962,"minecraft:walk_under_water_one_cm":2727,"minecraft:jump":1973,"minecraft:walk_on_water_one_cm":8790,"minecraft:total_world_time":78481,"minecraft:fall_one_cm":70303},"minecraft:used":{"minecraft:cooked_mutton":1,"minecraft:stone_pickaxe":121,"minecraft:chest":3,"minecraft:wooden_pickaxe":6,"botania:brown_mystical_flower":1,"minecraft:cooked_chicken":2,"minecraft:netherrack":6,"minecraft:torch":3,"minecraft:dirt":20,"minecraft:crafting_table":3,"botania:blue_double_flower":1,"minecraft:white_bed":3,"minecraft:oak_log":1,"minecraft:bread":15,"botania:pink_double_flower":3,"botania:pink_mystical_flower":2,"minecraft:stone_axe":73,"minecraft:cobblestone":15,"minecraft:furnace":2,"minecraft:cooked_porkchop":4,"minecraft:potato":4,"minecraft:coarse_dirt":1}},"DataVersion":3465}