{"stats":{"minecraft:killed_by":{"minecraft:skeleton":1},"minecraft:dropped":{"minecraft:wheat_seeds":2,"minecraft:cobblestone":1},"minecraft:killed":{"minecraft:pig":14,"minecraft:sheep":18,"minecraft:chicken":2,"minecraft:cow":4},"minecraft:mined":{"minecraft:podzol":1,"botania:pink_double_flower":5,"minecraft:crafting_table":2,"minecraft:grass_block":6,"minecraft:poppy":1,"minecraft:spruce_leaves":6,"minecraft:sugar_cane":15,"botania:blue_double_flower":2,"botania:black_mystical_flower":10,"minecraft:large_fern":5,"botania:pink_mystical_flower":6,"minecraft:magma_block":3,"minecraft:coarse_dirt":1,"minecraft:furnace":1,"minecraft:iron_ore":1,"minecraft:fire":6,"minecraft:sweet_berry_bush":25,"minecraft:spruce_log":7,"minecraft:grass":15,"minecraft:oak_log":1,"minecraft:coal_ore":41,"minecraft:dirt":12,"botania:brown_mystical_flower":7,"minecraft:stone":31,"minecraft:netherrack":6,"minecraft:oak_leaves":10,"minecraft:fern":19},"minecraft:picked_up":{"minecraft:coarse_dirt":1,"minecraft:magma_block":3,"minecraft:crafting_table":2,"minecraft:feather":1,"minecraft:chicken":2,"minecraft:leather":2,"minecraft:oak_log":1,"minecraft:dirt":19,"botania:black_mystical_flower":10,"botania:pink_mystical_flower":6,"minecraft:wheat_seeds":5,"minecraft:beef":7,"minecraft:poppy":1,"minecraft:sugar_cane":26,"minecraft:furnace":1,"minecraft:raw_iron":1,"minecraft:sweet_berries":66,"botania:pink_double_flower":5,"minecraft:porkchop":29,"minecraft:spruce_sapling":2,"minecraft:spruce_log":6,"minecraft:black_wool":1,"minecraft:coal":41,"minecraft:oak_sapling":1,"botania:blue_double_flower":2,"minecraft:netherrack":6,"minecraft:mutton":28,"botania:brown_mystical_flower":7,"minecraft:white_wool":17,"minecraft:cobblestone":30},"minecraft:crafted":{"minecraft:cooked_porkchop":4,"minecraft:crafting_table":1,"minecraft:spruce_planks":24,"minecraft:wooden_pickaxe":1,"minecraft:cooked_chicken":2,"minecraft:furnace":1,"minecraft:stone_axe":1,"minecraft:air":0,"minecraft:stick":8,"minecraft:stone_pickaxe":1,"minecraft:torch":8},"minecraft:custom":{"minecraft:interact_with_furnace":2,"minecraft:mob_kills":38,"minecraft:interact_with_crafting_table":6,"minecraft:leave_game":2,"minecraft:time_since_death":1796,"minecraft:sleep_in_bed":2,"minecraft:time_since_rest":1224,"minecraft:sprint_one_cm":161591,"minecraft:damage_taken":1249,"minecraft:walk_one_cm":87835,"minecraft:drop":3,"minecraft:damage_dealt":3320,"minecraft:swim_one_cm":42137,"minecraft:talked_to_villager":4,"minecraft:fly_one_cm":256309,"minecraft:open_chest":5,"minecraft:crouch_one_cm":1636,"minecraft:play_time":66481,"minecraft:deaths":3,"minecraft:sneak_time":751,"minecraft:walk_under_water_one_cm":2519,"minecraft:jump":1511,"minecraft:walk_on_water_one_cm":7230,"minecraft:total_world_time":66481,"minecraft:fall_one_cm":50365},"minecraft:used":{"minecraft:stone_pickaxe":121,"minecraft:wooden_pickaxe":6,"botania:brown_mystical_flower":1,"minecraft:cooked_chicken":2,"minecraft:netherrack":6,"minecraft:torch":2,"minecraft:dirt":19,"minecraft:crafting_table":2,"botania:blue_double_flower":1,"minecraft:oak_log":1,"minecraft:bread":7,"botania:pink_double_flower":3,"botania:pink_mystical_flower":2,"minecraft:stone_axe":62,"minecraft:cobblestone":15,"minecraft:furnace":1,"minecraft:cooked_porkchop":4,"minecraft:coarse_dirt":1}},"DataVersion":3465}