{"stats":{"minecraft:custom":{"minecraft:interact_with_furnace":2,"minecraft:mob_kills":24,"minecraft:interact_with_crafting_table":6,"minecraft:leave_game":2,"minecraft:time_since_death":43851,"minecraft:sleep_in_bed":1,"minecraft:time_since_rest":409,"minecraft:sprint_one_cm":99853,"minecraft:damage_taken":471,"minecraft:walk_one_cm":69759,"minecraft:drop":2,"minecraft:damage_dealt":2120,"minecraft:swim_one_cm":17404,"minecraft:talked_to_villager":4,"minecraft:fly_one_cm":147724,"minecraft:open_chest":5,"minecraft:crouch_one_cm":521,"minecraft:play_time":49531,"minecraft:deaths":1,"minecraft:sneak_time":246,"minecraft:walk_under_water_one_cm":1122,"minecraft:jump":837,"minecraft:walk_on_water_one_cm":4925,"minecraft:total_world_time":49531,"minecraft:fall_one_cm":26653},"minecraft:killed":{"minecraft:pig":10,"minecraft:sheep":8,"minecraft:chicken":2,"minecraft:cow":4},"minecraft:crafted":{"minecraft:cooked_porkchop":4,"minecraft:crafting_table":1,"minecraft:spruce_planks":24,"minecraft:wooden_pickaxe":1,"minecraft:cooked_chicken":2,"minecraft:furnace":1,"minecraft:stone_axe":1,"minecraft:air":0,"minecraft:stick":8,"minecraft:stone_pickaxe":1},"minecraft:mined":{"minecraft:podzol":1,"botania:pink_double_flower":5,"minecraft:crafting_table":2,"minecraft:grass_block":5,"minecraft:poppy":1,"minecraft:spruce_leaves":2,"minecraft:sugar_cane":9,"botania:blue_double_flower":2,"botania:black_mystical_flower":7,"minecraft:large_fern":5,"botania:pink_mystical_flower":6,"minecraft:coarse_dirt":1,"minecraft:magma_block":3,"minecraft:furnace":1,"minecraft:fire":6,"minecraft:sweet_berry_bush":25,"minecraft:spruce_log":7,"minecraft:grass":8,"minecraft:coal_ore":10,"minecraft:oak_log":1,"minecraft:dirt":11,"botania:brown_mystical_flower":7,"minecraft:stone":19,"minecraft:netherrack":6,"minecraft:oak_leaves":7,"minecraft:fern":18},"minecraft:dropped":{"minecraft:wheat_seeds":2},"minecraft:used":{"minecraft:stone_pickaxe":77,"minecraft:wooden_pickaxe":6,"botania:brown_mystical_flower":1,"minecraft:cooked_chicken":2,"minecraft:netherrack":6,"minecraft:dirt":17,"minecraft:crafting_table":2,"botania:blue_double_flower":1,"minecraft:oak_log":1,"botania:pink_double_flower":3,"botania:pink_mystical_flower":2,"minecraft:stone_axe":45,"minecraft:cobblestone":4,"minecraft:furnace":1,"minecraft:cooked_porkchop":4,"minecraft:coarse_dirt":1},"minecraft:picked_up":{"minecraft:magma_block":3,"minecraft:coarse_dirt":1,"minecraft:crafting_table":2,"minecraft:feather":1,"minecraft:chicken":2,"minecraft:leather":2,"minecraft:oak_log":1,"minecraft:dirt":17,"botania:black_mystical_flower":7,"botania:pink_mystical_flower":6,"minecraft:wheat_seeds":4,"minecraft:beef":7,"minecraft:poppy":1,"minecraft:sugar_cane":15,"minecraft:furnace":1,"minecraft:sweet_berries":66,"botania:pink_double_flower":5,"minecraft:porkchop":22,"minecraft:spruce_log":6,"botania:blue_double_flower":2,"minecraft:oak_sapling":1,"minecraft:coal":10,"minecraft:netherrack":6,"minecraft:mutton":11,"botania:brown_mystical_flower":7,"minecraft:white_wool":8,"minecraft:cobblestone":18}},"DataVersion":3465}