{"stats":{"minecraft:mined":{"minecraft:spruce_leaves":1,"minecraft:spruce_log":5},"minecraft:picked_up":{"minecraft:spruce_log":5},"minecraft:crafted":{"minecraft:spruce_planks":28},"minecraft:custom":{"minecraft:jump":102,"minecraft:open_chest":4,"minecraft:time_since_rest":4877,"minecraft:crouch_one_cm":1341,"minecraft:sprint_one_cm":10587,"minecraft:play_time":4877,"minecraft:damage_taken":40,"minecraft:time_since_death":4877,"minecraft:walk_one_cm":9503,"minecraft:sneak_time":997,"minecraft:total_world_time":4877,"minecraft:fall_one_cm":3512,"minecraft:fly_one_cm":14352},"minecraft:used":{"minecraft:leather_chestplate":1,"minecraft:spruce_sign":1,"minecraft:sweet_berries":1}},"DataVersion":3465}