{"stats":{"minecraft:dropped":{"minecraft:wheat_seeds":8,"minecraft:rotten_flesh":3},"minecraft:killed":{"minecraft:pig":9,"minecraft:cow":2,"minecraft:sheep":2},"minecraft:mined":{"botania:green_mystical_flower":8,"botania:red_double_flower":4,"botania:cyan_mystical_flower":4,"botania:lime_mystical_flower":4,"minecraft:furnace":1,"botania:red_mystical_flower":4,"minecraft:spruce_log":5,"minecraft:crafting_table":1,"minecraft:torch":1,"minecraft:grass":46,"minecraft:grass_block":8,"minecraft:coal_ore":20,"minecraft:dirt":15,"minecraft:tall_grass":5,"minecraft:spruce_leaves":4,"minecraft:stone":15,"botania:light_blue_mystical_flower":1,"botania:black_mystical_flower":1,"minecraft:wall_torch":2,"minecraft:fern":4},"minecraft:picked_up":{"botania:red_mystical_flower":4,"minecraft:stick":1,"minecraft:crafting_table":1,"minecraft:leather":3,"minecraft:torch":3,"minecraft:porkchop":12,"minecraft:spruce_log":5,"minecraft:dirt":23,"botania:light_blue_mystical_flower":1,"botania:black_mystical_flower":1,"botania:red_double_flower":4,"botania:lime_mystical_flower":4,"botania:cyan_mystical_flower":4,"minecraft:rotten_flesh":3,"minecraft:wheat_seeds":8,"minecraft:beef":5,"minecraft:light_gray_wool":1,"minecraft:mutton":3,"minecraft:white_wool":1,"botania:green_mystical_flower":8,"minecraft:coal":20,"minecraft:cobblestone":15,"minecraft:furnace":1},"minecraft:crafted":{"minecraft:cooked_beef":3,"minecraft:cooked_porkchop":3,"minecraft:crafting_table":1,"minecraft:spruce_planks":28,"minecraft:stick":8,"minecraft:wooden_pickaxe":1,"minecraft:stone_pickaxe":1,"minecraft:furnace":1,"minecraft:torch":12,"minecraft:stone_axe":1,"minecraft:air":0},"minecraft:custom":{"minecraft:time_since_rest":13224,"minecraft:interact_with_furnace":10,"minecraft:sprint_one_cm":78255,"minecraft:damage_taken":170,"minecraft:walk_one_cm":57701,"minecraft:mob_kills":13,"minecraft:drop":8,"minecraft:damage_dealt":1260,"minecraft:swim_one_cm":312,"minecraft:interact_with_crafting_table":6,"minecraft:fly_one_cm":163049,"minecraft:open_chest":4,"minecraft:crouch_one_cm":5859,"minecraft:play_time":28877,"minecraft:sneak_time":2735,"minecraft:walk_under_water_one_cm":2200,"minecraft:jump":1143,"minecraft:time_since_death":28877,"minecraft:walk_on_water_one_cm":1289,"minecraft:sleep_in_bed":1,"minecraft:total_world_time":28877,"minecraft:fall_one_cm":32865},"minecraft:used":{"botania:red_double_flower":2,"minecraft:stone_pickaxe":33,"minecraft:leather_chestplate":1,"minecraft:wooden_pickaxe":3,"minecraft:spruce_sign":1,"minecraft:stone_axe":26,"minecraft:torch":3,"minecraft:dirt":2,"minecraft:crafting_table":1,"minecraft:sweet_berries":1,"minecraft:furnace":2,"minecraft:cooked_porkchop":1,"minecraft:cooked_beef":3}},"DataVersion":3465}