{"stats":{"minecraft:used":{"minecraft:dark_oak_planks":1,"minecraft:dirt":4,"minecraft:sand":3,"minecraft:crafting_table":1,"biomesoplenty:yellow_autumn_sapling":2,"biomesoplenty:orange_autumn_sapling":5},"minecraft:dropped":{"minecraft:wheat_seeds":4},"minecraft:crafted":{"minecraft:dark_oak_planks":24,"minecraft:birch_planks":28,"minecraft:crafting_table":3,"minecraft:stick":16},"minecraft:custom":{"minecraft:time_since_rest":19827,"minecraft:crouch_one_cm":2389,"minecraft:sprint_one_cm":18572,"minecraft:play_time":19827,"minecraft:walk_one_cm":10048,"minecraft:sneak_time":989,"minecraft:drop":3,"minecraft:jump":189,"minecraft:leave_game":2,"minecraft:walk_on_water_one_cm":208,"minecraft:time_since_death":19827,"minecraft:total_world_time":19827,"minecraft:interact_with_crafting_table":6,"minecraft:fall_one_cm":5043,"minecraft:fly_one_cm":21702},"minecraft:mined":{"minecraft:dark_oak_planks":1,"minecraft:grass":8,"minecraft:grass_block":3,"biomesoplenty:orange_autumn_sapling":2,"minecraft:dirt":1,"minecraft:sand":3,"minecraft:birch_log":7,"minecraft:dark_oak_log":6},"minecraft:picked_up":{"minecraft:dark_oak_planks":1,"biomesoplenty:yellow_autumn_sapling":2,"minecraft:wheat_seeds":4,"biomesoplenty:orange_autumn_sapling":5,"minecraft:sand":3,"minecraft:dark_oak_log":6,"minecraft:dirt":4,"minecraft:birch_log":7}},"DataVersion":3465}