{"stats":{"minecraft:dropped":{"minecraft:rotten_flesh":1},"minecraft:killed":{"minecraft:cow":1},"minecraft:mined":{"minecraft:spruce_log":5,"minecraft:torch":1,"minecraft:grass_block":8,"minecraft:coal_ore":20,"minecraft:dirt":15,"minecraft:spruce_leaves":4,"minecraft:stone":15,"minecraft:wall_torch":2,"minecraft:fern":3},"minecraft:picked_up":{"minecraft:stick":1,"minecraft:leather":2,"minecraft:torch":3,"minecraft:spruce_log":5,"minecraft:dirt":23,"minecraft:rotten_flesh":1,"minecraft:beef":3,"minecraft:coal":20,"minecraft:cobblestone":15},"minecraft:crafted":{"minecraft:cooked_beef":3,"minecraft:crafting_table":1,"minecraft:spruce_planks":28,"minecraft:stick":8,"minecraft:wooden_pickaxe":1,"minecraft:stone_pickaxe":1,"minecraft:furnace":1,"minecraft:torch":12,"minecraft:stone_axe":1,"minecraft:air":0},"minecraft:custom":{"minecraft:time_since_rest":1224,"minecraft:interact_with_furnace":8,"minecraft:sprint_one_cm":46076,"minecraft:damage_taken":120,"minecraft:walk_one_cm":25380,"minecraft:mob_kills":1,"minecraft:drop":1,"minecraft:damage_dealt":100,"minecraft:swim_one_cm":312,"minecraft:interact_with_crafting_table":6,"minecraft:fly_one_cm":85116,"minecraft:open_chest":4,"minecraft:crouch_one_cm":3630,"minecraft:play_time":16877,"minecraft:sneak_time":2005,"minecraft:walk_under_water_one_cm":2200,"minecraft:jump":581,"minecraft:time_since_death":16877,"minecraft:walk_on_water_one_cm":1289,"minecraft:sleep_in_bed":1,"minecraft:total_world_time":16877,"minecraft:fall_one_cm":15063},"minecraft:used":{"minecraft:stone_pickaxe":32,"minecraft:leather_chestplate":1,"minecraft:wooden_pickaxe":3,"minecraft:spruce_sign":1,"minecraft:stone_axe":2,"minecraft:torch":3,"minecraft:dirt":2,"minecraft:crafting_table":1,"minecraft:sweet_berries":1,"minecraft:furnace":1,"minecraft:cooked_beef":2}},"DataVersion":3465}