{"stats":{"minecraft:used":{"minecraft:sand":1},"minecraft:crafted":{"minecraft:dark_oak_planks":24,"minecraft:crafting_table":2,"minecraft:stick":16},"minecraft:custom":{"minecraft:jump":65,"minecraft:time_since_rest":5969,"minecraft:crouch_one_cm":854,"minecraft:leave_game":1,"minecraft:play_time":5969,"minecraft:sprint_one_cm":5645,"minecraft:time_since_death":5969,"minecraft:walk_one_cm":3643,"minecraft:sneak_time":635,"minecraft:total_world_time":5969,"minecraft:fall_one_cm":1999,"minecraft:fly_one_cm":10327},"minecraft:mined":{"minecraft:dark_oak_log":6,"minecraft:sand":1},"minecraft:picked_up":{"minecraft:sand":1,"minecraft:dark_oak_log":6}},"DataVersion":3465}