{"stats":{"minecraft:dropped":{"minecraft:wheat_seeds":23,"minecraft:rotten_flesh":3,"minecraft:oak_sapling":1},"minecraft:killed":{"minecraft:pig":9,"minecraft:sheep":2,"minecraft:cow":2},"minecraft:mined":{"botania:green_mystical_flower":8,"botania:lime_mystical_flower":4,"botania:red_mystical_flower":5,"minecraft:crafting_table":2,"minecraft:torch":6,"minecraft:grass_block":11,"botania:orange_mushroom":1,"minecraft:tall_grass":31,"minecraft:cobblestone":3,"botania:blue_mystical_flower":3,"minecraft:spruce_leaves":4,"minecraft:diorite":3,"minecraft:wall_torch":4,"botania:black_mystical_flower":1,"botania:cyan_mystical_flower":4,"botania:red_double_flower":4,"botania:magenta_mystical_flower":4,"minecraft:furnace":2,"minecraft:iron_ore":14,"minecraft:spruce_log":5,"minecraft:grass":169,"minecraft:coal_ore":31,"minecraft:dripstone_block":1,"minecraft:gravel":23,"minecraft:dirt":25,"botania:gray_mystical_flower":6,"minecraft:stone":170,"botania:light_blue_mystical_flower":1,"minecraft:fern":4},"minecraft:picked_up":{"minecraft:crafting_table":2,"minecraft:leather":3,"minecraft:flint":2,"minecraft:dirt":36,"botania:light_blue_mystical_flower":1,"botania:black_mystical_flower":1,"botania:magenta_mystical_flower":4,"botania:cyan_mystical_flower":4,"minecraft:apple":1,"minecraft:wheat_seeds":24,"minecraft:beef":5,"minecraft:light_gray_wool":1,"botania:gray_mystical_flower":6,"minecraft:furnace":2,"minecraft:raw_iron":14,"minecraft:stick":2,"botania:red_mystical_flower":5,"minecraft:torch":10,"minecraft:dripstone_block":1,"minecraft:gravel":21,"minecraft:porkchop":12,"minecraft:pointed_dripstone":1,"minecraft:diorite":3,"minecraft:spruce_log":5,"botania:red_double_flower":4,"minecraft:rotten_flesh":3,"botania:lime_mystical_flower":4,"botania:orange_mushroom":1,"botania:blue_mystical_flower":3,"minecraft:oak_sapling":7,"botania:green_mystical_flower":8,"minecraft:mutton":3,"minecraft:coal":44,"minecraft:white_wool":1,"minecraft:cobblestone":173},"minecraft:crafted":{"minecraft:cooked_beef":3,"minecraft:cooked_porkchop":22,"minecraft:crafting_table":1,"minecraft:spruce_planks":28,"minecraft:wooden_pickaxe":1,"minecraft:furnace":1,"minecraft:stone_axe":1,"minecraft:air":0,"minecraft:shield":1,"minecraft:stick":24,"minecraft:iron_ingot":1,"minecraft:stone_pickaxe":2,"minecraft:torch":72},"minecraft:custom":{"minecraft:interact_with_furnace":22,"minecraft:mob_kills":13,"minecraft:interact_with_crafting_table":10,"minecraft:time_since_death":9775,"minecraft:sleep_in_bed":2,"minecraft:time_since_rest":9813,"minecraft:sprint_one_cm":124978,"minecraft:damage_taken":488,"minecraft:walk_one_cm":74855,"minecraft:drop":24,"minecraft:damage_dealt":1260,"minecraft:swim_one_cm":312,"minecraft:fly_one_cm":302594,"minecraft:open_chest":5,"minecraft:crouch_one_cm":7883,"minecraft:play_time":52877,"minecraft:deaths":1,"minecraft:sneak_time":5081,"minecraft:walk_under_water_one_cm":2200,"minecraft:jump":1894,"minecraft:walk_on_water_one_cm":1967,"minecraft:total_world_time":52877,"minecraft:fall_one_cm":62266},"minecraft:used":{"botania:red_double_flower":2,"minecraft:stone_pickaxe":222,"minecraft:wooden_pickaxe":3,"minecraft:leather_chestplate":1,"minecraft:spruce_sign":1,"minecraft:white_wool":1,"minecraft:torch":31,"minecraft:dirt":20,"minecraft:crafting_table":2,"minecraft:stone_axe":27,"minecraft:cobblestone":24,"minecraft:sweet_berries":1,"minecraft:oak_sapling":4,"minecraft:furnace":2,"minecraft:cooked_porkchop":3,"minecraft:cooked_beef":3},"minecraft:broken":{"minecraft:stone_pickaxe":1}},"DataVersion":3465}