{"stats":{"minecraft:dropped":{"minecraft:wheat_seeds":23,"minecraft:rotten_flesh":3,"minecraft:oak_sapling":1},"minecraft:killed":{"minecraft:pig":9,"minecraft:sheep":2,"minecraft:cow":2},"minecraft:mined":{"botania:green_mystical_flower":8,"botania:lime_mystical_flower":4,"botania:red_mystical_flower":5,"minecraft:crafting_table":1,"minecraft:torch":6,"minecraft:grass_block":8,"minecraft:tall_grass":30,"botania:blue_mystical_flower":3,"minecraft:spruce_leaves":4,"minecraft:diorite":3,"minecraft:wall_torch":2,"botania:black_mystical_flower":1,"botania:cyan_mystical_flower":4,"botania:red_double_flower":4,"botania:magenta_mystical_flower":4,"minecraft:furnace":2,"minecraft:iron_ore":1,"minecraft:spruce_log":5,"minecraft:grass":168,"minecraft:coal_ore":31,"minecraft:dirt":16,"botania:gray_mystical_flower":6,"minecraft:stone":15,"botania:light_blue_mystical_flower":1,"minecraft:fern":4},"minecraft:picked_up":{"minecraft:crafting_table":1,"minecraft:leather":3,"minecraft:dirt":24,"botania:light_blue_mystical_flower":1,"botania:black_mystical_flower":1,"botania:magenta_mystical_flower":4,"botania:cyan_mystical_flower":4,"minecraft:apple":1,"minecraft:wheat_seeds":24,"minecraft:beef":5,"minecraft:light_gray_wool":1,"botania:gray_mystical_flower":6,"minecraft:furnace":2,"minecraft:raw_iron":1,"minecraft:stick":1,"botania:red_mystical_flower":5,"minecraft:torch":8,"minecraft:porkchop":12,"minecraft:diorite":3,"minecraft:spruce_log":5,"botania:red_double_flower":4,"minecraft:rotten_flesh":3,"botania:lime_mystical_flower":4,"botania:blue_mystical_flower":3,"minecraft:oak_sapling":5,"botania:green_mystical_flower":8,"minecraft:mutton":3,"minecraft:coal":44,"minecraft:white_wool":1,"minecraft:cobblestone":15},"minecraft:crafted":{"minecraft:cooked_beef":3,"minecraft:cooked_porkchop":22,"minecraft:crafting_table":1,"minecraft:spruce_planks":28,"minecraft:wooden_pickaxe":1,"minecraft:furnace":1,"minecraft:stone_axe":1,"minecraft:air":0,"minecraft:shield":1,"minecraft:stick":8,"minecraft:iron_ingot":1,"minecraft:stone_pickaxe":1,"minecraft:torch":12},"minecraft:custom":{"minecraft:interact_with_furnace":22,"minecraft:mob_kills":13,"minecraft:interact_with_crafting_table":9,"minecraft:time_since_death":40877,"minecraft:sleep_in_bed":2,"minecraft:time_since_rest":11820,"minecraft:sprint_one_cm":104364,"minecraft:damage_taken":210,"minecraft:walk_one_cm":65751,"minecraft:drop":24,"minecraft:damage_dealt":1260,"minecraft:swim_one_cm":312,"minecraft:fly_one_cm":267833,"minecraft:open_chest":5,"minecraft:crouch_one_cm":5890,"minecraft:play_time":40877,"minecraft:sneak_time":2783,"minecraft:walk_under_water_one_cm":2200,"minecraft:jump":1623,"minecraft:walk_on_water_one_cm":1666,"minecraft:total_world_time":40877,"minecraft:fall_one_cm":51405},"minecraft:used":{"botania:red_double_flower":2,"minecraft:stone_pickaxe":49,"minecraft:wooden_pickaxe":3,"minecraft:leather_chestplate":1,"minecraft:spruce_sign":1,"minecraft:torch":11,"minecraft:dirt":3,"minecraft:crafting_table":1,"minecraft:stone_axe":26,"minecraft:sweet_berries":1,"minecraft:oak_sapling":4,"minecraft:furnace":2,"minecraft:cooked_porkchop":3,"minecraft:cooked_beef":3}},"DataVersion":3465}