{"stats":{"minecraft:picked_up":{"minecraft:sand":1},"minecraft:mined":{"minecraft:sand":1},"minecraft:custom":{"minecraft:jump":37,"minecraft:time_since_rest":2103,"minecraft:crouch_one_cm":665,"minecraft:leave_game":1,"minecraft:sprint_one_cm":3455,"minecraft:play_time":2103,"minecraft:time_since_death":2103,"minecraft:walk_one_cm":1121,"minecraft:sneak_time":545,"minecraft:total_world_time":2103,"minecraft:fall_one_cm":1999,"minecraft:fly_one_cm":8686},"minecraft:used":{"minecraft:sand":1}},"DataVersion":3465}